<?xml version="1.0" encoding="UTF-8"?>
<!--
  Copyright (C) Red Hat, Inc.
  http://redhat.com

  Licensed under the Apache License, Version 2.0 (the "License");
  you may not use this file except in compliance with the License.
  You may obtain a copy of the License at

     http://www.apache.org/licenses/LICENSE-2.0

  Unless required by applicable law or agreed to in writing, software
  distributed under the License is distributed on an "AS IS" BASIS,
  WITHOUT WARRANTIES OR CONDITIONS OF ANY KIND, either express or implied.
  See the License for the specific language governing permissions and
  limitations under the License.
  -->
<beans
  xmlns="http://www.springframework.org/schema/beans"
  xmlns:amq="http://activemq.apache.org/schema/core"
  xmlns:xsi="http://www.w3.org/2001/XMLSchema-instance"
  xsi:schemaLocation="http://www.springframework.org/schema/beans http://www.springframework.org/schema/beans/spring-beans.xsd
  http://activemq.apache.org/schema/core http://activemq.apache.org/schema/core/activemq-core.xsd">

    <!-- Allows us to use system properties and fabric as variables in this configuration file -->
    <bean class="org.springframework.beans.factory.config.PropertyPlaceholderConfigurer">
        <property name="properties">
            <bean class="io.fabric8.mq.fabric.ConfigurationProperties"/>
        </property>
    </bean>

    <broker xmlns="http://activemq.apache.org/schema/core" brokerName="${broker-name}" dataDirectory="${data}" persistent="false" populateJMSXUserID="true" useJmx="true" start="false" restartAllowed="false">

<!--This Section is needed for Virtual Topics, concurrentSend(allows the journal to batch writes which will reduce disk io)-->
             <destinationInterceptors>
                    <virtualDestinationInterceptor>
                           <virtualDestinations>
                                 <virtualTopic name=">" prefix="" postfix=".*" selectorAware="false" concurrentSend="true"/>
                           </virtualDestinations>
                    </virtualDestinationInterceptor>
             </destinationInterceptors>


                    <!-- Enable statistics gathering and advisories for consumed and delivered messages.
                    These allow for monitoring of the activemq destinations/brokers-->
                    <destinationPolicy>
                           <policyMap>
                                 <policyEntries>
                                        <!-- Enables advisory messages for message consumption and message delivery on the following topics -->
                                        <!-- ActiveMQ.Advisory.MessageConsumed.Queue, ActiveMQ.Advisory.MessageConsumed.Topic -->
                                        <!-- ActiveMQ.Advisory.MessageDelivered.Queue, ActiveMQ.Advisory.MessageDelivered.Topic -->
                                        <policyEntry queue="*.*.*.>" prioritizedMessages="true" optimizedDispatch="true" queuePrefetch="1" maxPageSize="1" reduceMemoryFootprint="true" producerFlowControl="false" >
                                        </policyEntry>
                                        <policyEntry topic="*.*.*.>" topicPrefetch="1" producerFlowControl="false">
                                        </policyEntry>
                                        <policyEntry queue="qAUDIT" queuePrefetch="1" maxPageSize="1" reduceMemoryFootprint="true" producerFlowControl="false">
                                        </policyEntry>
                                 </policyEntries>
                           </policyMap>
                    </destinationPolicy>

        <managementContext>
            <managementContext createConnector="false"/>
        </managementContext>



 <!--		<persistenceAdapter>
            <kahaDB directory="${data}/kahadb" preallocationStrategy="zeros" preallocationScope="entire_journal"/>
        </persistenceAdapter>

-->

 
	  
        <plugins>
            <jaasAuthenticationPlugin configuration="karaf" />
        </plugins>

<systemUsage>
            <systemUsage sendFailIfNoSpaceAfterTimeout="3000">
                <memoryUsage>
                    <memoryUsage percentOfJvmHeap="70"/>
                </memoryUsage>
                <storeUsage>
                    <storeUsage limit="15 gb"/>
                </storeUsage>
                <tempUsage>
                    <tempUsage limit="1 gb"/>
                </tempUsage>
            </systemUsage>
        </systemUsage>

        <transportConnectors>
            <transportConnector name="producers" uri="tcp://0.0.0.0:${producerPort}" />
   <!--         <transportConnector name="consumers" uri="tcp://0.0.0.0:${consumerPort}" /> -->
        </transportConnectors>
    </broker>

</beans>
