<?xml version="1.0" encoding="UTF-8"?>
<blueprint xmlns="http://www.osgi.org/xmlns/blueprint/v1.0.0"
           xmlns:cm="http://aries.apache.org/blueprint/xmlns/blueprint-cm/v1.1.0"
           xmlns:xsi="http://www.w3.org/2001/XMLSchema-instance"
           xsi:schemaLocation="'
               http://aries.apache.org/blueprint/xmlns/blueprint-cm/v1.1.0 http://aries.apache.org/schemas/blueprint-cm/blueprint-cm-1.1.0.xsd
               http://www.osgi.org/xmlns/blueprint/v1.0.0 http://www.osgi.org/xmlns/blueprint/v1.0.0/blueprint.xsd
               http://camel.apache.org/schema/blueprint http://camel.apache.org/schema/blueprint/camel-blueprint.xsd">

    <cm:property-placeholder persistent-id="amq_consumer" update-strategy="reload" >
        <cm:default-properties>
            <cm:property name="in-uri" value="failover:(tcp://localhost:61616)?randomize=false" />
            <cm:property name="bio-in-uri" value="failover:(tcp://localhost:61616)?randomize=false" />
            <cm:property name="amq-user" value="amq" />
            <cm:property name="amq-pass" value="${amq}" />
        </cm:default-properties>
    </cm:property-placeholder>

    <!--<bean id="target" class="org.apache.activemq.camel.component.ActiveMQComponent" >
       <property name="brokerURL" value="tcp://localhost:7100"/>
           <property name="userName" value="amq"/>
       <property name="password" value="***"/>
     </bean>
   -->
    <!--
    <bean id="hl7decoder" class="org.apache.camel.component.hl7.HL7MLLPNettyDecoderFactory" >
          <property name="charset" value="iso-88859-1" />

      <bean id="hl7encoder" class="org.apache.camel.component.hl7.HL7MLLPNettyEncoderFactory" >
          <property name="charset" value="iso-88859-1" />
      </bean>
   -->
    <!--<bean id="source" class="org.sutterhealth.eis.factory.consumer.ActiveMqComponentFactory" >-->
    <bean id="source-in" class="org.apache.activemq.camel.component.ActiveMQComponent" >
        <property name="brokerURL" value="${in-uri}"/>
        <property name="userName" value="${amq-user}"/>
        <property name="password" value="${amq-pass}"/>
    </bean>
    <bean id="source-bioin" class="org.apache.activemq.camel.component.ActiveMQComponent" >
        <property name="brokerURL" value="${bio-in-uri}"/>
        <property name="userName" value="${amq-user}"/>
        <property name="password" value="${amq-pass}"/>
    </bean>
    <!--
      <bean id="broker-in" class="org.apache.activemq.camel.component.ActiveMQComponent" >
          <property name="brokerURL" value="tcp://localhost:7000"/>
      </bean>
    -->
    <bean id="jms-to-tcp-bean" class="org.sutterhealth.tools.jms.JmsToTcpRouteBuilder">
        <!--<property name="sourceDirectory" value="/ifs/install/temp"/>-->
        <property name="sourceComponent" value="source-in"/>
        <!--<property name="targetDestination" value="queue:tTR.ip.PYXISadoemf.out.TR_toPYXIS_adoemf_ip"/>-->
        <property name="sourceDestination" value="queue:test.cf" />
        <property name="targetHost" value="ssmsdosil004" />
        <property name="targetPort" value="7777" />
    </bean>
    <bean id="jms-to-tcp-bean2" class="org.sutterhealth.tools.jms.JmsToTcpRouteBuilder">
        <property name="sourceComponent" value="source-in" />
        <property name="sourceDestination" value="queue:tCVR.amb.EPICad.in.vmTest" />
        <property name="targetHost" value="ssmsdosil004" />
        <property name="targetPort" value="7778" />
    </bean>

    <camelContext id="jmsutil-context" xmlns="http://camel.apache.org/schema/blueprint">
        <routeBuilder ref="jms-to-tcp-bean"/>
        <routeBuilder ref="jms-to-tcp-bean2"/>
    </camelContext>

</blueprint>
