<?xml version="1.0" encoding="UTF-8"?>
<blueprint xmlns="http://www.osgi.org/xmlns/blueprint/v1.0.0">

    <!--  ********************** JVM Thread Count ******************************* -->
    <splunk-jmx-attribute-change-monitor id="java-thread-statistics-monitor" xmlns="urn:pronoia.com/schema/blueprint/splunk"
                                         splunk-client-id="splunk-client"
                                         granularity-period="300"
                                         max-suppressed-duplicate-events="12">
        <observed-object>java.lang:type=Threading</observed-object>
        <observed-attributes>
            <attribute>PeakThreadCount</attribute>
            <attribute>ThreadCount</attribute>
        </observed-attributes>
        <collected-attributes>
            <attribute>DaemonThreadCount</attribute>
            <attribute>TotalStartedThreadCount</attribute>
        </collected-attributes>
        <splunk-event index="fuse_statistics" sourcetype="jvm-thread-statistics">
            <system-property property="karaf.name" field="container" />
            <system-property property="karaf.version" field="FuseVersion" />
        </splunk-event>
    </splunk-jmx-attribute-change-monitor>



    <!--  ********************** JVM GC Info ******************************* -->
    <splunk-jmx-notification-listener id="java-gc-notification-listener" xmlns="urn:pronoia.com/schema/blueprint/splunk"
                                      splunk-client-id="splunk-client">
        <source-mbean>java.lang:type=GarbageCollector,name=*</source-mbean>
        <splunk-event index="fuse_statistics" sourcetype="karaf-jdk-gc">
            <system-property property="karaf.name" field="container" />
            <system-property property="karaf.version" field="FuseVersion" />
        </splunk-event>
    </splunk-jmx-notification-listener>
</blueprint>
