<?xml version="1.0" encoding="UTF-8"?>
<blueprint xmlns="http://www.osgi.org/xmlns/blueprint/v1.0.0"
           xmlns:cm="http://aries.apache.org/blueprint/xmlns/blueprint-cm/v1.1.0"
           xmlns:xsi="http://www.w3.org/2001/XMLSchema-instance"
           xsi:schemaLocation="'
               http://aries.apache.org/blueprint/xmlns/blueprint-cm/v1.1.0 http://aries.apache.org/schemas/blueprint-cm/blueprint-cm-1.1.0.xsd
               http://www.osgi.org/xmlns/blueprint/v1.0.0 http://www.osgi.org/xmlns/blueprint/v1.0.0/blueprint.xsd
               http://camel.apache.org/schema/blueprint http://camel.apache.org/schema/blueprint/camel-blueprint.xsd">

    <cm:property-placeholder persistent-id="amq_consumer" update-strategy="reload" >
    <cm:default-properties>
        <cm:property name="in-uri" value="failover:(tcp://localhost:61616)?randomize=false" />
        <cm:property name="bio-in-uri" value="failover:(tcp://localhost:61616)?randomize=false" />
        <cm:property name="amq-user" value="amq" />
        <cm:property name="amq-pass" value="${amq}" />
    </cm:default-properties>
</cm:property-placeholder>

        <bean id="source-component" class="org.apache.activemq.camel.component.ActiveMQComponent" >
            <property name="brokerURL" value="${in-uri}"/>
            <property name="userName" value="${amq-user}"/>
            <property name="password" value="${amq-pass}"/>
        </bean>


        <bean id="target-component" class="org.apache.activemq.camel.component.ActiveMQComponent" >
            <property name="brokerURL" value="failover:(tcp://dcplfuz144:8100,tcp://dcplfuz145:8100)?randomize=false"/>
            <property name="userName" value="${amq-user}"/>
            <property name="password" value="${amq-pass}"/>
        </bean>

        <!--<bean id="jms-to-jms-builder" class="com.pronoia.util.jms.JmsToJmsRouteBuilder">-->
        <bean id="jms-to-jms-builder" class="org.sutterhealth.tools.jms.JmsToJmsRouteBuilder">
            <property name="sourceComponent" value="source-component" />
            <property name="targetComponent" value="target-component" />
            <property name="sourceDestination" value="tCVR.ESCRIPTad.out.CVR_toESCRIPT_ad"/>
            <property name="targetDestination" value="tCVR.ESCRIPTad.out.CVR_toESCRIPT_ad"/>
        </bean>

        <camelContext id="CVR_toESCRIPT_ad" xmlns="http://camel.apache.org/schema/blueprint">

            <routeBuilder ref="jms-to-jms-builder"/>
        </camelContext>

    </blueprint>




