<?xml version="1.0" encoding="UTF-8"?>
<blueprint xmlns="http://www.osgi.org/xmlns/blueprint/v1.0.0"
           xmlns:xsi="http://www.w3.org/2001/XMLSchema-instance"
           xsi:schemaLocation="
               http://www.osgi.org/xmlns/blueprint/v1.0.0 http://www.osgi.org/xmlns/blueprint/v1.0.0/blueprint.xsd
               http://camel.apache.org/schema/blueprint http://camel.apache.org/schema/blueprint/camel-blueprint.xsd
    ">

    <bean id="file-to-jms-bean" class="org.sutterhealth.tools.jms.FileToJmsRouteBuilder">
        <property name="sourceDirectory" value="/ifs/store/resend"/>
    </bean>

    <bean id="target" class="org.apache.activemq.camel.component.ActiveMQComponent" >
        <property name="brokerURL" value="tcp://dcplfuz155:7100"/>
        <property name="userName" value="amq"/>
        <property name="password" value="amq"/>
    </bean>

    <bean id="jms-to-jms-builder" class="org.sutterhealth.tools.jms.JmsToJmsRouteBuilder">
        <property name="targetComponent" value="target" />
        <property name="targetDestination" value="tLB.ip.INGNMEDad.out"/>
    </bean>


    <camelContext id="test-context" xmlns="http://camel.apache.org/schema/blueprint">
        <routeBuilder ref="file-to-jms-bean"/>
    </camelContext>

</blueprint>
