<?xml version="1.0" encoding="UTF-8"?>
<blueprint xmlns="http://www.osgi.org/xmlns/blueprint/v1.0.0"
           xmlns:cm="http://aries.apache.org/blueprint/xmlns/blueprint-cm/v1.0.0">

    <reference id="resolverRef" interface="org.osgi.service.url.URLStreamHandlerService" filter="(url.handler.protocol=profile)" availability="mandatory"/>

    <cm:property-placeholder persistent-id="splunkEnv" >
        <cm:default-properties>
            <cm:property name="splunkHost" value="${splunkHost}" />
            <cm:property name="splunkPort" value="${splunkPort}" />
            <cm:property name="splunkToken" value="${splunkToken}" />
        </cm:default-properties>
    </cm:property-placeholder>

    <splunk-client id="splunk-client" xmlns="urn:pronoia.com/schema/blueprint/splunk"
                   host="${splunkHost}"
                   port="${splunkPort}"
                   authorization-token="${splunkToken}"
                   validate-certificates="false"
                   use-ssl="true" />
</blueprint>