<?xml version="1.0" encoding="UTF-8"?>
<blueprint xmlns="http://www.osgi.org/xmlns/blueprint/v1.0.0">
  

  <!--  ********************** Activemq queue statistics ******************************* -->
    <splunk-jmx-attribute-change-monitor 
        id="activemq-queue-statistics-monitor" 
        xmlns="urn:pronoia.com/schema/blueprint/splunk"
	    splunk-client-id="splunk-client"
        granularity-period="10"
        max-suppressed-duplicate-events="30"
        >
        <observed-object>org.apache.activemq:type=Broker,brokerName=*,destinationType=Queue,destinationName=*</observed-object>
        <observed-attributes>
            <attribute>BlockedSends</attribute>
            <attribute>ConsumerCount</attribute>
            <attribute>CursorPercentUsage</attribute>
            <attribute>DequeueCount</attribute>
            <attribute>DispatchCount</attribute>
            <attribute>EnqueueCount</attribute>
            <attribute>ExpiredCount</attribute>
            <attribute>ForwardCount</attribute>
            <attribute>InFlightCount</attribute>
            <attribute>MaxAuditDepth</attribute>
            <attribute>MaxEnqueueTime</attribute>
            <attribute>MaxMessageSize</attribute>
            <attribute>MaxPageSize</attribute>
            <attribute>MinEnqueueTime</attribute>
            <attribute>MinMessageSize</attribute>
            <attribute>Name</attribute>
            <attribute>Paused</attribute>
        </observed-attributes>
        <collected-attributes>
            <attribute>AverageBlockedTime</attribute>
            <attribute>AverageEnqueueTime</attribute>
            <attribute>AverageMessageSize</attribute>
            <attribute>ConsumerCount</attribute>
            <attribute>InFlightCount</attribute>
            <attribute>MemoryPercentUsage</attribute>
            <attribute>Name</attribute>
            <attribute>Paused</attribute>
            <attribute>ProducerCount</attribute>
            <attribute>QueueSize</attribute>
            <attribute>Subscriptions</attribute>
            <attribute>TotalBlockedTime</attribute>
        </collected-attributes>
        <splunk-event index="fuse_statistics" sourcetype="activemq-destination-statistics">
            <system-property property="karaf.name" field="container" />
			<system-property property="karaf.version" field="FuseVersion" />
        </splunk-event>
    </splunk-jmx-attribute-change-monitor>

</blueprint>
