<?xml version="1.0" encoding="UTF-8"?>
<blueprint xmlns="http://www.osgi.org/xmlns/blueprint/v1.0.0"
           xmlns:cm="http://aries.apache.org/blueprint/xmlns/blueprint-cm/v1.1.0"
           xmlns:xsi="http://www.w3.org/2001/XMLSchema-instance"
           xsi:schemaLocation="'
               http://aries.apache.org/blueprint/xmlns/blueprint-cm/v1.1.0 http://aries.apache.org/schemas/blueprint-cm/blueprint-cm-1.1.0.xsd
               http://www.osgi.org/xmlns/blueprint/v1.0.0 http://www.osgi.org/xmlns/blueprint/v1.0.0/blueprint.xsd
               http://camel.apache.org/schema/blueprint http://camel.apache.org/schema/blueprint/camel-blueprint.xsd">

    <cm:property-placeholder persistent-id="amq_consumer" update-strategy="reload" >
        <cm:default-properties>
            <cm:property name="in-uri" value="failover:(tcp://localhost:61616)?randomize=false" />
            <cm:property name="bio-in-uri" value="failover:(tcp://localhost:61616)?randomize=false" />
            <cm:property name="amq-user" value="amq" />
            <cm:property name="amq-pass" value="${amq}" />
        </cm:default-properties>
    </cm:property-placeholder>

    <cm:property-placeholder persistent-id="ad_route_info" update-strategy="reload" placeholder-prefix="$[" placeholder-suffix="]]" >
        <cm:default-properties>
            <cm:property name="_targetHost" value="localhost" />
            <cm:property name="route4._targetDestination" value="vmTest" />
            <cm:property name="route4._listeningPort" value="7777" />
        </cm:default-properties>
    </cm:property-placeholder>

    <cm:property-placeholder persistent-id="route" update-strategy="reload" placeholder-prefix="[[" placeholder-suffix="]]">
        <cm:default-properties>
            <cm:property name="host" value="$[_targetHost]]" />
            <cm:property name="srcDest" value="$[route4._targetDestination]].route4Vmtest" />
            <cm:property name="port" value="$[route4._listeningPort]]" />
        </cm:default-properties>
    </cm:property-placeholder>

    <bean id="source-in" class="org.apache.activemq.camel.component.ActiveMQComponent" >
        <property name="brokerURL" value="${in-uri}"/>
        <property name="userName" value="${amq-user}"/>
        <property name="password" value="${amq-pass}"/>
    </bean>
    <bean id="source-bioin" class="org.apache.activemq.camel.component.ActiveMQComponent" >
        <property name="brokerURL" value="${bio-in-uri}"/>
        <property name="userName" value="${amq-user}"/>
        <property name="password" value="${amq-pass}"/>
    </bean>

    <bean id="jms-to-tcp-bean4" class="org.sutterhealth.tools.jms.JmsToTcpRouteBuilder">
        <property name="sourceComponent" value="source-in"/>
        <property name="sourceDestination" value="[[srcDest]]" />
        <property name="targetHost" value="[[host]]" />
        <property name="targetPort" value="[[port]]" />
    </bean>

    <camelContext id="jmsutil-context-route4" xmlns="http://camel.apache.org/schema/blueprint">
        <routeBuilder ref="jms-to-tcp-route4"/>
    </camelContext>

</blueprint>
