<?xml version="1.0" encoding="UTF-8"?>
<!--
Copyright (C) Red Hat, Inc.
http://redhat.com

Licensed under the Apache License, Version 2.0 (the "License");
you may not use this file except in compliance with the License.
You may obtain a copy of the License at

http://www.apache.org/licenses/LICENSE-2.0

Unless required by applicable law or agreed to in writing, software
distributed under the License is distributed on an "AS IS" BASIS,
WITHOUT WARRANTIES OR CONDITIONS OF ANY KIND, either express or implied.
See the License for the specific language governing permissions and
limitations under the License.
-->

<beans
	xmlns="http://www.springframework.org/schema/beans"
	xmlns:amq="http://activemq.apache.org/schema/core"
	xmlns:xsi="http://www.w3.org/2001/XMLSchema-instance"
	xsi:schemaLocation="http://www.springframework.org/schema/beans http://www.springframework.org/schema/beans/spring-beans.xsd
	http://activemq.apache.org/schema/core http://activemq.apache.org/schema/core/activemq-core.xsd">

	<!-- Allows us to use system properties and fabric as variables in this configuration file -->
	<bean class="org.springframework.beans.factory.config.PropertyPlaceholderConfigurer">
		<property name="properties">
			<bean class="io.fabric8.mq.fabric.ConfigurationProperties"/>
		</property>
	</bean>

	<broker xmlns="http://activemq.apache.org/schema/core" brokerName="${broker-name}" dataDirectory="${data}" persistent="true" populateJMSXUserID="true" useJmx="true" start="false" restartAllowed="false">


<!--This Section is needed for Virtual Topics, concurrentSend(allows the journal to batch writes which will reduce disk io)-->
             <destinationInterceptors>
                    <virtualDestinationInterceptor>
                           <virtualDestinations>
                                 <virtualTopic name=">" prefix="" postfix=".*" selectorAware="false" concurrentSend="true"/>
                                 <compositeTopic name="ActiveMQ.Advisory.MessageDelivered.>">
                                        <forwardTo>
                                               <queue physicalName="Advisory.MessageDelivered" />
                                        </forwardTo>
                                 </compositeTopic>
                                 <compositeTopic name="ActiveMQ.Advisory.MessageConsumed.>">
                                        <forwardTo>
                                               <queue physicalName="Advisory.MessageConsumed" />
                                        </forwardTo>
                                 </compositeTopic>
                                  <compositeQueue name="*.*.*.*.*.ERR">
                                        <forwardTo>
                                               <queue physicalName="ERROR" />
                                        </forwardTo>
                                 </compositeQueue>
                                  <compositeQueue name="*.*.*.*.*.UNK">
                                        <forwardTo>
                                               <queue physicalName="UNKNOWN" />
                                        </forwardTo>
                                 </compositeQueue>
                           </virtualDestinations>
                    </virtualDestinationInterceptor>
             </destinationInterceptors>


                    <!-- Enable statistics gathering and advisories for consumed and delivered messages.
                    These allow for monitoring of the activemq destinations/brokers-->
                    <destinationPolicy>
                           <policyMap>
                                 <policyEntries>
                                        <!-- Enables advisory messages for message consumption and message delivery on the following topics -->
                                        <!-- ActiveMQ.Advisory.MessageConsumed.Queue, ActiveMQ.Advisory.MessageConsumed.Topic -->
                                        <!-- ActiveMQ.Advisory.MessageDelivered.Queue, ActiveMQ.Advisory.MessageDelivered.Topic -->
                                        <policyEntry queue="*.*.*.>" advisoryForConsumed="true" advisoryForDelivery="true" memoryLimit="35mb" queuePrefetch="1" producerFlowControl="false" >
                                        </policyEntry>
                                        <policyEntry topic="*.*.*.>" advisoryForConsumed="true" advisoryForDelivery="true" topicPrefetch="1" producerFlowControl="false">
                                        </policyEntry>
                                        <policyEntry queue="qAUDIT" advisoryForConsumed="true" advisoryForDelivery="true" memoryLimit="35mb" queuePrefetch="1" producerFlowControl="false">
                                        </policyEntry>
                                 </policyEntries>
                           </policyMap>
                    </destinationPolicy>



			<!-- This disables remote JMX, but can still manage via Jolokia-->
			<managementContext>
				<managementContext createConnector="false"/>
			</managementContext>


			<persistenceAdapter>
				<!--ignoreMissingJournalfiles="true" checksumJournalFiles="true" checkForCorruptJournalFiles="true" were added to
				have the brokers recover and start processing after a failure if the journals become corrupt.-->
				<!--The below settings were suggested by Redhat to improve performance
				preallocationStrategy="zeros" preallocationScope="entire_journal" enableJournalDiskSyncs="true" -->
				<kahaDB directory="${data}/kahadb"  preallocationStrategy="zeros" preallocationScope="entire_journal" enableJournalDiskSyncs="true" ignoreMissingJournalfiles="true" checksumJournalFiles="true" checkForCorruptJournalFiles="true" journalMaxFileLength="32mb"/>
				<locker>
					<shared-file-locker lockAcquireSleepInterval="10000"/>
				</locker>
			</persistenceAdapter>


			<plugins>
				<!-- This enables authentication for the karaf realm using JAAS-->
				<jaasAuthenticationPlugin configuration="karaf" />
				<!-- Enables statistics collection for brokers, destinations, and subscriptions -->
				<!-- Can be triggered by sending an empty message with a ReplyTo header to one of the following destinations -->
				<!-- ActiveMQ.Statistics.Broker -->
				<!-- ActiveMQ.Statistics.Destination.<destination-name or destination-pattern> -->
				<!-- ActiveMQ.Statistics.Subscription -->
				<statisticsBrokerPlugin/>
			</plugins>


			<systemUsage>
				<systemUsage sendFailIfNoSpaceAfterTimeout="3000">
					<memoryUsage>
						<memoryUsage percentOfJvmHeap="70"/>
					</memoryUsage>
					<storeUsage>
						<storeUsage limit="50 gb"/>
					</storeUsage>
					<tempUsage>
						<!--only for non presistent messages-->
						<tempUsage limit="1 gb"/>
					</tempUsage>
				</systemUsage>
			</systemUsage>


			<transportConnectors>
				<transportConnector name="producers" uri="tcp://0.0.0.0:${producerPort}" />
				<transportConnector name="consumers" uri="tcp://0.0.0.0:${consumerPort}" />
			</transportConnectors>

		</broker>
	</beans>
